ID,Day ,Date ,Animal ,Group ,BW ,FoodIntake,WaterIntake,Bacload,TT ,TT_FoldChange,TT_Increase,ox_iaa_cecum,Acetic_acid_cecum,Propanoic_acid_cecum,Butanoic_acid_cecum,Isobutyric_acid_cecum,Isovaleric_acid_cecum,Valeric_acid_cecum,Caproic_acid_cecum,Isocaproic_acid_cecum,Acetic_acid_feces,Propanoic_acid_feces,Butanoic_acid_feces,Isobutyric_acid_feces,Isovaleric_acid_feces,All_SCFAs_feces,Acetic_acid_change,Propanoic_acid_change,Butanoic_acid_change,Isobutyric_acid_change,Isovaleric_acid_change
M01_D01,D01,23_01_23,M01,Control ,22.8,NA,NA,,NA,,,,,,,,,,,,,,,,,,,,,,
M02_D01,D01,23_01_23,M02,Control ,22.2,NA,NA,,NA,,,,,,,,,,,,,,,,,,,,,,
M03_D01,D01,23_01_23,M03,Control ,19,NA,NA,,NA,,,,,,,,,,,,,,,,,,,,,,
M04_D01,D01,23_01_23,M04,Control ,22.8,NA,NA,,NA,,,,,,,,,,,,,,,,,,,,,,
M05_D01,D01,23_01_23,M05,Control ,18.7,NA,NA,,NA,,,,,,,,,,,,,,,,,,,,,,
M06_D01,D01,23_01_23,M06,Control ,21.7,NA,NA,,NA,,,,,,,,,,,,,,,,,,,,,,
M07_D01,D01,23_01_23,M07,Low,22.4,NA,NA,,NA,,,,,,,,,,,,,,,,,,,,,,
M08_D01,D01,23_01_23,M08,Low,20.5,NA,NA,,NA,,,,,,,,,,,,,,,,,,,,,,
M09_D01,D01,23_01_23,M09,Low,19.1,NA,NA,,NA,,,,,,,,,,,,,,,,,,,,,,
M10_D01,D01,23_01_23,M10,Low,20,NA,NA,,NA,,,,,,,,,,,,,,,,,,,,,,
M11_D01,D01,23_01_23,M11,Low,18.7,NA,NA,,NA,,,,,,,,,,,,,,,,,,,,,,
M12_D01,D01,23_01_23,M12,Low,22.2,NA,NA,,NA,,,,,,,,,,,,,,,,,,,,,,
M13_D01,D01,23_01_23,M13,Medium,20.5,NA,NA,,NA,,,,,,,,,,,,,,,,,,,,,,
M14_D01,D01,23_01_23,M14,Medium,22.5,NA,NA,,NA,,,,,,,,,,,,,,,,,,,,,,
M15_D01,D01,23_01_23,M15,Medium,20,NA,NA,,NA,,,,,,,,,,,,,,,,,,,,,,
M16_D01,D01,23_01_23,M16,Medium,20.5,NA,NA,,NA,,,,,,,,,,,,,,,,,,,,,,
M17_D01,D01,23_01_23,M17,Medium,22.3,NA,NA,,NA,,,,,,,,,,,,,,,,,,,,,,
M18_D01,D01,23_01_23,M18,Medium,20.8,NA,NA,,NA,,,,,,,,,,,,,,,,,,,,,,
M19_D01,D01,23_01_23,M19,High ,20.4,NA,NA,,NA,,,,,,,,,,,,,,,,,,,,,,
M20_D01,D01,23_01_23,M20,High ,20.1,NA,NA,,NA,,,,,,,,,,,,,,,,,,,,,,
M21_D01,D01,23_01_23,M21,High ,20,NA,NA,,NA,,,,,,,,,,,,,,,,,,,,,,
M22_D01,D01,23_01_23,M22,High ,21.5,NA,NA,,NA,,,,,,,,,,,,,,,,,,,,,,
M23_D01,D01,23_01_23,M23,High ,20.3,NA,NA,,NA,,,,,,,,,,,,,,,,,,,,,,
M24_D01,D01,23_01_23,M24,High ,20.9,NA,NA,,NA,,,,,,,,,,,,,,,,,,,,,,
M01_D02,D02,24_01_23,M01,Control ,21.2,4,4,9.596717504,212,1,0,,,,,,,,,,,,,,,,,,,,
M02_D02,D02,24_01_23,M02,Control ,20.7,4,4.2,9.977119902,245,1,0,,,,,,,,,,,,,,,,,,,,
M03_D02,D02,24_01_23,M03,Control ,18.1,4,3,9.757563506,391,1,0,,,,,,,,,,,,,,,,,,,,
M04_D02,D02,24_01_23,M04,Control ,22.6,5,5,9.774117299,283,1,0,,,,,,,,,,,,,,,,,,,,
M05_D02,D02,24_01_23,M05,Control ,19.1,4,4,9.616351379,192,1,0,,,,,,,,,,,,,,,,,,,,
M06_D02,D02,24_01_23,M06,Control ,21.2,3,4,9.257658002,329,1,0,,,,,,,,,,,,,,,,,,,,
M07_D02,D02,24_01_23,M07,Low,22.7,5,5,9.685326882,137,1,0,,,,,,,,,,,,,,,,,,,,
M08_D02,D02,24_01_23,M08,Low,21,4,0,9.917381774,309,1,0,,,,,,,,,,,,,,,,,,,,
M09_D02,D02,24_01_23,M09,Low,19,3,4,9.9338535,218,1,0,,,,,,,,,,,,,,,,,,,,
M10_D02,D02,24_01_23,M10,Low,19.7,3,4,10.19709298,253,1,0,,,,,,,,,,,,,,,,,,,,
M11_D02,D02,24_01_23,M11,Low,18.4,NA,3,9.941437756,244,1,0,,,,,,,,,,,,,,,,,,,,
M12_D02,D02,24_01_23,M12,Low,21.1,3,4,9.885013333,302,1,0,,,,,,,,,,,,,,,,,,,,
M13_D02,D02,24_01_23,M13,Medium,20.9,3,5,10.1256241,271,1,0,,,,,,,,,,,,,,,,,,,,
M14_D02,D02,24_01_23,M14,Medium,22.4,3,4,9.357482579,270,1,0,,,,,,,,,,,,,,,,,,,,
M15_D02,D02,24_01_23,M15,Medium,19.4,4,3,10.01775817,205,1,0,,,,,,,,,,,,,,,,,,,,
M16_D02,D02,24_01_23,M16,Medium,20.7,4,3,9.888803987,369,1,0,,,,,,,,,,,,,,,,,,,,
M17_D02,D02,24_01_23,M17,Medium,22.1,3,4,9.9152022,206,1,0,,,,,,,,,,,,,,,,,,,,
M18_D02,D02,24_01_23,M18,Medium,20.6,3,3,9.797784242,159,1,0,,,,,,,,,,,,,,,,,,,,
M19_D02,D02,24_01_23,M19,High ,20,2,4,10.4702154,241,1,0,,,,,,,,,,,,,,,,,,,,
M20_D02,D02,24_01_23,M20,High ,19.2,2,4,9.44425658,333,1,0,,,,,,,,,,,,,,,,,,,,
M21_D02,D02,24_01_23,M21,High ,20.5,3,5,9.406873957,241,1,0,,,,,,,,,,,,,,,,,,,,
M22_D02,D02,24_01_23,M22,High ,22.3,4,5,10.03342631,196,1,0,,,,,,,,,,,,,,,,,,,,
M23_D02,D02,24_01_23,M23,High ,19.9,NA,4,9.791673618,271,1,0,,,,,,,,,,,,,,,,,,,,
M24_D02,D02,24_01_23,M24,High ,20.3,2,3,10.27229444,231,1,0,,,,,,,,,,,,,,,,,,,,
M01_D03,D03,25_01_23,M01,Control ,21,3,9.3,,NA,,,,,,,,,,,,3715.882082,353.0985961,981.4778146,46.15519703,31.20930984,5050.458492,,,,,
M02_D03,D03,25_01_23,M02,Control ,20.7,4,6.8,,NA,,,,,,,,,,,,1650.319551,115.0060381,579.8501545,29.88467061,13.48806949,2345.175744,,,,,
M03_D03,D03,25_01_23,M03,Control ,17.8,3,9,,NA,,,,,,,,,,,,2947.829659,283.7951405,1581.611732,51.97734144,36.04199934,4813.236532,,,,,
M04_D03,D03,25_01_23,M04,Control ,21.9,3,8,,NA,,,,,,,,,,,,1066.814695,193.7946853,142.8246397,NA,7.607500733,1403.43402,,,,,
M05_D03,D03,25_01_23,M05,Control ,18.5,3,3,,NA,,,,,,,,,,,,1305.977602,96.76475553,132.3733328,NA,11.19400614,1535.115691,,,,,
M06_D03,D03,25_01_23,M06,Control ,20.8,3,9,,NA,,,,,,,,,,,,1455.141769,203.8637602,298.6963783,8.042677157,12.14479033,1957.701908,,,,,
M07_D03,D03,25_01_23,M07,Low,22,2,5,,NA,,,,,,,,,,,,1133.304532,149.2599988,169.2895973,NA,12.67932974,1451.854128,,,,,
M08_D03,D03,25_01_23,M08,Low,20.3,3,7,,NA,,,,,,,,,,,,1183.443469,151.7688055,208.9837818,NA,NA,1544.196056,,,,,
M09_D03,D03,25_01_23,M09,Low,18.4,3,6,,NA,,,,,,,,,,,,3027.423872,258.951637,709.8201883,61.12442519,12.61782978,3996.195697,,,,,
M10_D03,D03,25_01_23,M10,Low,19.5,3,6,,NA,,,,,,,,,,,,1631.878295,250.3494197,239.608431,20.52384952,14.35278379,2121.836145,,,,,
M11_D03,D03,25_01_23,M11,Low,19.1,4,7,,NA,,,,,,,,,,,,1211.94708,97.70054852,221.6323848,13.42209152,10.80133407,1531.280014,,,,,
M12_D03,D03,25_01_23,M12,Low,21.3,4,10,,NA,,,,,,,,,,,,1619.924143,116.6756278,224.4814886,NA,6.097751886,1961.081259,,,,,
M13_D03,D03,25_01_23,M13,Medium,19.6,4,10,,NA,,,,,,,,,,,,2511.570088,246.3235595,1010.217581,34.64064466,26.59928223,3768.111229,,,,,
M14_D03,D03,25_01_23,M14,Medium,21.6,3,10,,NA,,,,,,,,,,,,963.2816863,80.41378865,207.998376,NA,7.340695167,1251.693851,,,,,
M15_D03,D03,25_01_23,M15,Medium,19.7,4,11,,NA,,,,,,,,,,,,2346.475616,230.9308445,718.4811964,20.74587253,14.19638294,3295.887657,,,,,
M16_D03,D03,25_01_23,M16,Medium,20.2,2,18,,NA,,,,,,,,,,,,943.7761369,79.7311686,139.2890254,NA,6.417727345,1162.796331,,,,,
M17_D03,D03,25_01_23,M17,Medium,22.3,5,12,,NA,,,,,,,,,,,,2390.663415,270.6022572,482.0754206,27.35123692,25.61791258,3143.341092,,,,,
M18_D03,D03,25_01_23,M18,Medium,20.4,5,10,,NA,,,,,,,,,,,,1667.299659,161.3306944,477.9961167,31.26302387,9.740155139,2306.62647,,,,,
M19_D03,D03,25_01_23,M19,High ,20.7,4,7,,NA,,,,,,,,,,,,956.1800417,95.75091627,221.6053464,NA,NA,1273.536304,,,,,
M20_D03,D03,25_01_23,M20,High ,19.4,4,11,,NA,,,,,,,,,,,,1995.568467,145.0863538,501.3463573,6.655890129,10.0909238,2642.001178,,,,,
M21_D03,D03,25_01_23,M21,High ,20.5,4,11,,NA,,,,,,,,,,,,824.3730952,53.37541498,143.2759797,NA,NA,1021.02449,,,,,
M22_D03,D03,25_01_23,M22,High ,21.7,4,11,,NA,,,,,,,,,,,,1837.740153,421.817198,306.2977881,23.50341714,23.59027981,2565.855139,,,,,
M23_D03,D03,25_01_23,M23,High ,19.3,3,11,,NA,,,,,,,,,,,,997.6490528,73.70068302,111.6932583,NA,5.612868993,1183.042994,,,,,
M24_D03,D03,25_01_23,M24,High ,21.1,4,12,,NA,,,,,,,,,,,,1898.792435,193.8186719,285.9410812,16.72543644,13.93578203,2378.552188,,,,,
M01_D04,D04,26_01_23,M01,Control ,20.7,3,6,,NA,,,,,,,,,,,,,,,,,,,,,,
M02_D04,D04,26_01_23,M02,Control ,20.6,6,3,,NA,,,,,,,,,,,,,,,,,,,,,,
M03_D04,D04,26_01_23,M03,Control ,19.2,4,5,,NA,,,,,,,,,,,,,,,,,,,,,,
M04_D04,D04,26_01_23,M04,Control ,22.1,4,4,,NA,,,,,,,,,,,,,,,,,,,,,,
M05_D04,D04,26_01_23,M05,Control ,18.9,2,4,,NA,,,,,,,,,,,,,,,,,,,,,,
M06_D04,D04,26_01_23,M06,Control ,21.8,4,5,,NA,,,,,,,,,,,,,,,,,,,,,,
M07_D04,D04,26_01_23,M07,Low,21.9,3,5,,NA,,,,,,,,,,,,,,,,,,,,,,
M08_D04,D04,26_01_23,M08,Low,20.2,3,5,,NA,,,,,,,,,,,,,,,,,,,,,,
M09_D04,D04,26_01_23,M09,Low,18.4,3,5,,NA,,,,,,,,,,,,,,,,,,,,,,
M10_D04,D04,26_01_23,M10,Low,19.6,3,4,,NA,,,,,,,,,,,,,,,,,,,,,,
M11_D04,D04,26_01_23,M11,Low,19.1,4,4,,NA,,,,,,,,,,,,,,,,,,,,,,
M12_D04,D04,26_01_23,M12,Low,20.9,3,6,,NA,,,,,,,,,,,,,,,,,,,,,,
M13_D04,D04,26_01_23,M13,Medium,19.9,3,4,,NA,,,,,,,,,,,,,,,,,,,,,,
M14_D04,D04,26_01_23,M14,Medium,21.8,3,4,,NA,,,,,,,,,,,,,,,,,,,,,,
M15_D04,D04,26_01_23,M15,Medium,20,3,5,,NA,,,,,,,,,,,,,,,,,,,,,,
M16_D04,D04,26_01_23,M16,Medium,19.7,2,4,,NA,,,,,,,,,,,,,,,,,,,,,,
M17_D04,D04,26_01_23,M17,Medium,22.1,3,8,,NA,,,,,,,,,,,,,,,,,,,,,,
M18_D04,D04,26_01_23,M18,Medium,20.3,3,3,,NA,,,,,,,,,,,,,,,,,,,,,,
M19_D04,D04,26_01_23,M19,High ,20.5,3,4,,NA,,,,,,,,,,,,,,,,,,,,,,
M20_D04,D04,26_01_23,M20,High ,19.3,2,4,,NA,,,,,,,,,,,,,,,,,,,,,,
M21_D04,D04,26_01_23,M21,High ,20.8,4,5,,NA,,,,,,,,,,,,,,,,,,,,,,
M22_D04,D04,26_01_23,M22,High ,21.4,3,6,,NA,,,,,,,,,,,,,,,,,,,,,,
M23_D04,D04,26_01_23,M23,High ,18.8,1,3,,NA,,,,,,,,,,,,,,,,,,,,,,
M24_D04,D04,26_01_23,M24,High ,21,3,2,,NA,,,,,,,,,,,,,,,,,,,,,,
M01_D05,D05,27_01_23,M01,Control ,21.2,4,4,10.3244891,423,1.995283019,211,,,,,,,,,,,,,,,,,,,,
M02_D05,D05,27_01_23,M02,Control ,20.5,2,4,10.00998212,190,0.775510204,-55,,,,,,,,,,,,,,,,,,,,
M03_D05,D05,27_01_23,M03,Control ,18.8,4,4,9.954423959,246,0.62915601,-145,,,,,,,,,,,,,,,,,,,,
M04_D05,D05,27_01_23,M04,Control ,22.6,3,4,9.82995984,250,0.883392226,-33,,,,,,,,,,,,,,,,,,,,
M05_D05,D05,27_01_23,M05,Control ,18.4,5,4,9.716521213,334,1.739583333,142,,,,,,,,,,,,,,,,,,,,
M06_D05,D05,27_01_23,M06,Control ,21.4,5,4,9.762185626,353,1.072948328,24,,,,,,,,,,,,,,,,,,,,
M07_D05,D05,27_01_23,M07,Low,22.2,3,3,9.37690825,353,2.576642336,216,,,,,,,,,,,,,,,,,,,,
M08_D05,D05,27_01_23,M08,Low,20.5,3,4,10.10475967,357,1.155339806,48,,,,,,,,,,,,,,,,,,,,
M09_D05,D05,27_01_23,M09,Low,18.5,3,3,10.17315278,396,1.816513761,178,,,,,,,,,,,,,,,,,,,,
M10_D05,D05,27_01_23,M10,Low,20.1,2,3,10.05388197,397,1.56916996,144,,,,,,,,,,,,,,,,,,,,
M11_D05,D05,27_01_23,M11,Low,18.6,2,3,10.08373517,675,2.766393443,431,,,,,,,,,,,,,,,,,,,,
M12_D05,D05,27_01_23,M12,Low,20.6,2,4,9.998738313,509,1.685430464,207,,,,,,,,,,,,,,,,,,,,
M13_D05,D05,27_01_23,M13,Medium,20.2,2,3,9.709370482,673,2.483394834,402,,,,,,,,,,,,,,,,,,,,
M14_D05,D05,27_01_23,M14,Medium,21.4,2,3,9.923344061,507,1.877777778,237,,,,,,,,,,,,,,,,,,,,
M15_D05,D05,27_01_23,M15,Medium,20.2,3,4,9.655716956,631,3.07804878,426,,,,,,,,,,,,,,,,,,,,
M16_D05,D05,27_01_23,M16,Medium,19.7,1,3,9.465948404,410,1.111111111,41,,,,,,,,,,,,,,,,,,,,
M17_D05,D05,27_01_23,M17,Medium,22.1,3,4,10.19307094,654,3.174757282,448,,,,,,,,,,,,,,,,,,,,
M18_D05,D05,27_01_23,M18,Medium,20.2,2,3,9.741952051,599,3.767295597,440,,,,,,,,,,,,,,,,,,,,
M19_D05,D05,27_01_23,M19,High ,20.7,3,3,10.10630351,627,2.601659751,386,,,,,,,,,,,,,,,,,,,,
M20_D05,D05,27_01_23,M20,High ,19.1,2,3,9.975261996,667,2.003003003,334,,,,,,,,,,,,,,,,,,,,
M21_D05,D05,27_01_23,M21,High ,20.2,2,3,9.981008616,666,2.763485477,425,,,,,,,,,,,,,,,,,,,,
M22_D05,D05,27_01_23,M22,High ,21,2,3,9.434977987,665,3.392857143,469,,,,,,,,,,,,,,,,,,,,
M23_D05,D05,27_01_23,M23,High ,18.9,3,3,9.840113537,599,2.210332103,328,,,,,,,,,,,,,,,,,,,,
M24_D05,D05,27_01_23,M24,High ,20.6,3,2,9.927775155,663,2.87012987,432,,,,,,,,,,,,,,,,,,,,
M01_D06,D06,28_01_23,M01,Control ,20.4,3,9,,NA,,,,,,,,,,,,,,,,,,,,,,
M02_D06,D06,28_01_23,M02,Control ,21.2,4,6,,NA,,,,,,,,,,,,,,,,,,,,,,
M03_D06,D06,28_01_23,M03,Control ,18.6,4,5,,NA,,,,,,,,,,,,,,,,,,,,,,
M04_D06,D06,28_01_23,M04,Control ,23.4,5,6,,NA,,,,,,,,,,,,,,,,,,,,,,
M05_D06,D06,28_01_23,M05,Control ,18.7,3,5,,NA,,,,,,,,,,,,,,,,,,,,,,
M06_D06,D06,28_01_23,M06,Control ,21.7,3,5,,NA,,,,,,,,,,,,,,,,,,,,,,
M07_D06,D06,28_01_23,M07,Low,22.3,5,6,,NA,,,,,,,,,,,,,,,,,,,,,,
M08_D06,D06,28_01_23,M08,Low,21,4,11,,NA,,,,,,,,,,,,,,,,,,,,,,
M09_D06,D06,28_01_23,M09,Low,18.9,3,7,,NA,,,,,,,,,,,,,,,,,,,,,,
M10_D06,D06,28_01_23,M10,Low,20.4,4,7,,NA,,,,,,,,,,,,,,,,,,,,,,
M11_D06,D06,28_01_23,M11,Low,16.5,1,2,,NA,,,,,,,,,,,,,,,,,,,,,,
M12_D06,D06,28_01_23,M12,Low,21,4,7,,NA,,,,,,,,,,,,,,,,,,,,,,
M13_D06,D06,28_01_23,M13,Medium,19.4,3,6,,NA,,,,,,,,,,,,,,,,,,,,,,
M14_D06,D06,28_01_23,M14,Medium,21.6,3,5,,NA,,,,,,,,,,,,,,,,,,,,,,
M15_D06,D06,28_01_23,M15,Medium,19.6,3,5,,NA,,,,,,,,,,,,,,,,,,,,,,
M16_D06,D06,28_01_23,M16,Medium,20.1,4,6,,NA,,,,,,,,,,,,,,,,,,,,,,
M17_D06,D06,28_01_23,M17,Medium,22.4,4,8,,NA,,,,,,,,,,,,,,,,,,,,,,
M18_D06,D06,28_01_23,M18,Medium,21,4,7,,NA,,,,,,,,,,,,,,,,,,,,,,
M19_D06,D06,28_01_23,M19,High ,20.5,3,6,,NA,,,,,,,,,,,,,,,,,,,,,,
M20_D06,D06,28_01_23,M20,High ,19.4,3,7,,NA,,,,,,,,,,,,,,,,,,,,,,
M21_D06,D06,28_01_23,M21,High ,20.8,4,7,,NA,,,,,,,,,,,,,,,,,,,,,,
M22_D06,D06,28_01_23,M22,High ,22,4,8,,NA,,,,,,,,,,,,,,,,,,,,,,
M23_D06,D06,28_01_23,M23,High ,19.7,3,7,,NA,,,,,,,,,,,,,,,,,,,,,,
M24_D06,D06,28_01_23,M24,High ,21.3,4,7,,NA,,,,,,,,,,,,,,,,,,,,,,
M01_D07,D07,29_01_23,M01,Control ,20.8,3,4,,NA,,,,,,,,,,,,3521.417,457.6017449,465.292506,27.7011246,19.21292053,4444.311251,-194.4650815,104.5031488,-516.1853086,-18.45407243,-11.99638931
M02_D07,D07,29_01_23,M02,Control ,20.5,0,3,,NA,,,,,,,,,,,,1803.131711,261.7714026,283.7287462,19.02584379,14.90998733,2348.63186,152.8121599,146.7653645,-296.1214083,-10.85882682,1.42191784
M03_D07,D07,29_01_23,M03,Control ,18.6,2,3,,NA,,,,,,,,,,,,2031.232579,122.0902971,732.4188262,9.947487583,26.17462881,2885.741702,-916.5970804,-161.7048434,-849.1929061,-42.02985386,-9.86737053
M04_D07,D07,29_01_23,M04,Control ,22.4,3,4,,NA,,,,,,,,,,,,3786.595999,403.7062264,746.6305785,21.45189502,23.75407786,4936.932804,2719.781304,209.9115411,603.8059388,21.45189502,16.14657713
M05_D07,D07,29_01_23,M05,Control ,18.3,0,4,,NA,,,,,,,,,,,,4314.476597,381.0505039,1296.720637,27.76783003,26.07093225,5992.247738,3008.498995,284.2857484,1164.347305,27.76783003,14.87692611
M06_D07,D07,29_01_23,M06,Control ,21.7,3,4,,NA,,,,,,,,,,,,2141.868173,270.6173547,276.5570675,28.62750731,21.40499043,2689.042595,686.7264038,66.75359449,-22.13931081,20.58483015,9.2602001
M07_D07,D07,29_01_23,M07,Low,21.7,2,3,,NA,,,,,,,,,,,,1922.31953,253.9654846,111.6230625,10.27401503,11.07390829,2287.908078,789.0149989,104.7054858,-57.66653475,10.27401503,-1.60542145
M08_D07,D07,29_01_23,M08,Low,21.4,3,5,,NA,,,,,,,,,,,,1273.55043,230.5434754,94.21130612,NA,NA,1598.305212,90.10696159,78.77466984,-114.7724756,0,0
M09_D07,D07,29_01_23,M09,Low,18.5,3,4,,NA,,,,,,,,,,,,2133.732524,367.283475,205.1618125,13.78087587,11.85405348,2706.177812,-893.6913477,108.3318379,-504.6583758,-47.34354932,-0.7637763
M10_D07,D07,29_01_23,M10,Low,20.3,2,5,,NA,,,,,,,,,,,,2251.669547,369.962211,170.6608484,29.99040129,16.91758428,2792.292607,619.7912525,119.6127913,-68.94758251,9.46655177,2.56480049
M11_D07,D07,29_01_23,M11,Low,18.2,3,5,,NA,,,,,,,,,,,,NA,NA,NA,NA,NA,NA,NA,NA,NA,-13.42209152,-10.80133407
M12_D07,D07,29_01_23,M12,Low,21.3,4,5,,NA,,,,,,,,,,,,2634.782241,357.1000302,680.8282863,16.52082844,24.36269239,3672.710557,1014.858098,240.4244024,456.3467978,16.52082844,18.2649405
M13_D07,D07,29_01_23,M13,Medium,20.3,3,5,,NA,,,,,,,,,,,,1289.858383,151.0185762,238.8496151,6.946755246,12.3932541,1679.726574,-1221.711705,-95.30498333,-771.3679659,-27.69388941,-14.20602813
M14_D07,D07,29_01_23,M14,Medium,20.9,2,4,,NA,,,,,,,,,,,,3731.240348,487.9927289,960.5586184,17.01165168,17.90934565,5179.791696,2767.958662,407.5789403,752.5602424,17.01165168,10.56865048
M15_D07,D07,29_01_23,M15,Medium,19.8,2,4,,NA,,,,,,,,,,,,3385.708179,585.4908215,729.3100874,27.01670296,27.27641503,4700.509088,1039.232563,354.559977,10.82889099,6.27083043,13.08003209
M16_D07,D07,29_01_23,M16,Medium,19.8,2,5,,NA,,,,,,,,,,,,2292.231354,421.4190999,404.1221757,15.17359749,16.77615154,3117.772629,1348.455217,341.6879313,264.8331504,15.17359749,10.3584242
M17_D07,D07,29_01_23,M17,Medium,22.1,3,5,,NA,,,,,,,,,,,,2322.378255,240.8116616,428.2630542,19.80084149,14.5395998,2991.452971,-68.28515975,-29.79059557,-53.81236638,-7.55039543,-11.07831278
M18_D07,D07,29_01_23,M18,Medium,20.7,3,5,,NA,,,,,,,,,,,,1623.204775,237.5763166,450.8507051,9.941131448,21.25167916,2311.631797,-44.0948841,76.24562226,-27.14541161,-21.32189242,11.51152402
M19_D07,D07,29_01_23,M19,High ,20.7,3,7,,NA,,,,,,,,,,,,1825.425979,376.3798735,388.5463808,6.806908553,23.44878634,2590.352234,869.2459376,280.6289572,166.9410344,6.806908553,23.44878634
M20_D07,D07,29_01_23,M20,High ,19.4,2,4,,NA,,,,,,,,,,,,1958.534417,338.8915473,263.0509301,12.39845019,10.65201284,2560.476894,-37.03405005,193.8051936,-238.2954272,5.742560061,0.56108904
M21_D07,D07,29_01_23,M21,High ,20.6,1,5,,NA,,,,,,,,,,,,3641.237203,546.0942963,302.3972847,24.03967109,21.24286509,4489.728784,2816.864107,492.7188813,159.121305,24.03967109,21.24286509
M22_D07,D07,29_01_23,M22,High ,21.9,3,6,,NA,,,,,,,,,,,,2035.629325,306.6739547,169.1778117,15.99205217,17.91612301,2511.481091,197.8891719,-115.1432433,-137.1199764,-7.51136497,-5.6741568
M23_D07,D07,29_01_23,M23,High ,19.9,3,5,,NA,,,,,,,,,,,,3433.4626,398.226564,569.1099803,28.66406352,19.66579106,4400.799145,2435.813548,324.525881,457.4167219,28.66406352,14.05292207
M24_D07,D07,29_01_23,M24,High ,21.3,2,4,,NA,,,,,,,,,,,,1108.072774,200.1730039,114.975835,10.28144079,14.24128819,1423.221613,-790.7196608,6.354332082,-170.9652462,-6.44399565,0.30550616
M01_D08,D08,30_01_23,M01,Control ,20.7,4,5,,333,1.570754717,121,,,,,,,,,,,,,,,,,,,,
M02_D08,D08,30_01_23,M02,Control ,20.3,3,5,,334,1.363265306,89,,,,,,,,,,,,,,,,,,,,
M03_D08,D08,30_01_23,M03,Control ,18.3,3,4,,333,0.851662404,-58,,,,,,,,,,,,,,,,,,,,
M04_D08,D08,30_01_23,M04,Control ,22,3,5,,310,1.09540636,27,,,,,,,,,,,,,,,,,,,,
M05_D08,D08,30_01_23,M05,Control ,18.6,3,4,,423,2.203125,231,,,,,,,,,,,,,,,,,,,,
M06_D08,D08,30_01_23,M06,Control ,21.6,3,4,,396,1.203647416,67,,,,,,,,,,,,,,,,,,,,
M07_D08,D08,30_01_23,M07,Low,21,1,6,,420,3.065693431,283,,,,,,,,,,,,,,,,,,,,
M08_D08,D08,30_01_23,M08,Low,20.6,3,5,,514,1.663430421,205,,,,,,,,,,,,,,,,,,,,
M09_D08,D08,30_01_23,M09,Low,18.3,2,5,,417,1.912844037,199,,,,,,,,,,,,,,,,,,,,
M10_D08,D08,30_01_23,M10,Low,19.8,3,6,,357,1.411067194,104,,,,,,,,,,,,,,,,,,,,
M11_D08,D08,30_01_23,M11,Low,18,2,4,,390,1.598360656,146,,,,,,,,,,,,,,,,,,,,
M12_D08,D08,30_01_23,M12,Low,20.3,3,5,,389,1.28807947,87,,,,,,,,,,,,,,,,,,,,
M13_D08,D08,30_01_23,M13,Medium,20.2,3,5,,648,2.391143911,377,,,,,,,,,,,,,,,,,,,,
M14_D08,D08,30_01_23,M14,Medium,19.7,2,4,,492,1.822222222,222,,,,,,,,,,,,,,,,,,,,
M15_D08,D08,30_01_23,M15,Medium,20.1,3,6,,350,1.707317073,145,,,,,,,,,,,,,,,,,,,,
M16_D08,D08,30_01_23,M16,Medium,18.7,2,4,,444,1.203252033,75,,,,,,,,,,,,,,,,,,,,
M17_D08,D08,30_01_23,M17,Medium,22.2,4,6,,705,3.422330097,499,,,,,,,,,,,,,,,,,,,,
M18_D08,D08,30_01_23,M18,Medium,19.8,2,5,,462,2.905660377,303,,,,,,,,,,,,,,,,,,,,
M19_D08,D08,30_01_23,M19,High ,20.1,3,5,,601,2.493775934,360,,,,,,,,,,,,,,,,,,,,
M20_D08,D08,30_01_23,M20,High ,18.9,4,6,,659,1.978978979,326,,,,,,,,,,,,,,,,,,,,
M21_D08,D08,30_01_23,M21,High ,20,3,6,,458,1.900414938,217,,,,,,,,,,,,,,,,,,,,
M22_D08,D08,30_01_23,M22,High ,21.9,4,6,,457,2.331632653,261,,,,,,,,,,,,,,,,,,,,
M23_D08,D08,30_01_23,M23,High ,19.5,3,6,,410,1.512915129,139,,,,,,,,,,,,,,,,,,,,
M24_D08,D08,30_01_23,M24,High ,20.8,3,5,,456,1.974025974,225,,,,,,,,,,,,,,,,,,,,
M01_D09,D09,31_01_23,M01,Control ,21,3,6,9.944362482,NA,,,,,,,,,,,,,,,,,,,,,,
M02_D09,D09,31_01_23,M02,Control ,20.4,4,8,9.983493312,NA,,,,,,,,,,,,,,,,,,,,,,
M03_D09,D09,31_01_23,M03,Control ,18.2,4,6,9.378067076,NA,,,,,,,,,,,,,,,,,,,,,,
M04_D09,D09,31_01_23,M04,Control ,22.6,5,7,9.421889984,NA,,,,,,,,,,,,,,,,,,,,,,
M05_D09,D09,31_01_23,M05,Control ,18.3,4,7,10.30119114,NA,,,,,,,,,,,,,,,,,,,,,,
M06_D09,D09,31_01_23,M06,Control ,21.2,4,7,9.367983766,NA,,,,,,,,,,,,,,,,,,,,,,
M07_D09,D09,31_01_23,M07,Low,21.7,5,7,9.853276157,NA,,,,,,,,,,,,,,,,,,,,,,
M08_D09,D09,31_01_23,M08,Low,20.3,3,6,10.32527357,NA,,,,,,,,,,,,,,,,,,,,,,
M09_D09,D09,31_01_23,M09,Low,18.5,4,6,9.340509751,NA,,,,,,,,,,,,,,,,,,,,,,
M10_D09,D09,31_01_23,M10,Low,20.5,4,7,9.502241018,NA,,,,,,,,,,,,,,,,,,,,,,
M11_D09,D09,31_01_23,M11,Low,18.3,5,5,10.06048453,NA,,,,,,,,,,,,,,,,,,,,,,
M12_D09,D09,31_01_23,M12,Low,20.7,5,7,10.39413804,NA,,,,,,,,,,,,,,,,,,,,,,
M13_D09,D09,31_01_23,M13,Medium,20,4,7,10.16044691,NA,,,,,,,,,,,,,,,,,,,,,,
M14_D09,D09,31_01_23,M14,Medium,20.3,3,5,9.765131317,NA,,,,,,,,,,,,,,,,,,,,,,
M15_D09,D09,31_01_23,M15,Medium,20.6,5,7,10.42828346,NA,,,,,,,,,,,,,,,,,,,,,,
M16_D09,D09,31_01_23,M16,Medium,19,2,6,9.650453678,NA,,,,,,,,,,,,,,,,,,,,,,
M17_D09,D09,31_01_23,M17,Medium,21.5,3,10,9.420461817,NA,,,,,,,,,,,,,,,,,,,,,,
M18_D09,D09,31_01_23,M18,Medium,20.5,4,5,9.682881634,NA,,,,,,,,,,,,,,,,,,,,,,
M19_D09,D09,31_01_23,M19,High ,19.9,3,5,10.32132306,NA,,,,,,,,,,,,,,,,,,,,,,
M20_D09,D09,31_01_23,M20,High ,18.9,3,6,10.27871219,NA,,,,,,,,,,,,,,,,,,,,,,
M21_D09,D09,31_01_23,M21,High ,20.1,4,6,10.15071269,NA,,,,,,,,,,,,,,,,,,,,,,
M22_D09,D09,31_01_23,M22,High ,21.5,3,6,9.549274558,NA,,,,,,,,,,,,,,,,,,,,,,
M23_D09,D09,31_01_23,M23,High ,19.8,4,5,9.86750018,NA,,,,,,,,,,,,,,,,,,,,,,
M24_D09,D09,31_01_23,M24,High ,21.1,4,8,10.29811707,NA,,,,,,,,,,,,,,,,,,,,,,
M01_D10,D10,01_02_23,M01,Control ,20.7,3,4,,384,1.811320755,172,,,,,,,,,,,,,,,,,,,,
M02_D10,D10,01_02_23,M02,Control ,20.7,3,4,,184,0.751020408,-61,,,,,,,,,,,,,,,,,,,,
M03_D10,D10,01_02_23,M03,Control ,18,2,3,,393,1.00511509,2,,,,,,,,,,,,,,,,,,,,
M04_D10,D10,01_02_23,M04,Control ,22.8,3,4,,197,0.696113074,-86,,,,,,,,,,,,,,,,,,,,
M05_D10,D10,01_02_23,M05,Control ,18.2,2,3,,301,1.567708333,109,,,,,,,,,,,,,,,,,,,,
M06_D10,D10,01_02_23,M06,Control ,21.2,3,5,,385,1.170212766,56,,,,,,,,,,,,,,,,,,,,
M07_D10,D10,01_02_23,M07,Low,21.4,2,5,,382,2.788321168,245,,,,,,,,,,,,,,,,,,,,
M08_D10,D10,01_02_23,M08,Low,20.6,4,4,,434,1.404530744,125,,,,,,,,,,,,,,,,,,,,
M09_D10,D10,01_02_23,M09,Low,18.5,3,5,,413,1.894495413,195,,,,,,,,,,,,,,,,,,,,
M10_D10,D10,01_02_23,M10,Low,19.8,3,1,,369,1.458498024,116,,,,,,,,,,,,,,,,,,,,
M11_D10,D10,01_02_23,M11,Low,18.6,3,6,,368,1.508196721,124,,,,,,,,,,,,,,,,,,,,
M12_D10,D10,01_02_23,M12,Low,21.1,4,5,,461,1.526490066,159,,,,,,,,,,,,,,,,,,,,
M13_D10,D10,01_02_23,M13,Medium,20.3,3,5,,536,1.977859779,265,,,,,,,,,,,,,,,,,,,,
M14_D10,D10,01_02_23,M14,Medium,20.7,3,4,,452,1.674074074,182,,,,,,,,,,,,,,,,,,,,
M15_D10,D10,01_02_23,M15,Medium,20.8,3,5,,652,3.180487805,447,,,,,,,,,,,,,,,,,,,,
M16_D10,D10,01_02_23,M16,Medium,19,3,5,,534,1.447154472,165,,,,,,,,,,,,,,,,,,,,
M17_D10,D10,01_02_23,M17,Medium,22,3,4,,469,2.276699029,263,,,,,,,,,,,,,,,,,,,,
M18_D10,D10,01_02_23,M18,Medium,20.3,3,5,,361,2.270440252,202,,,,,,,,,,,,,,,,,,,,
M19_D10,D10,01_02_23,M19,High ,20.4,3,6,,554,2.298755187,313,,,,,,,,,,,,,,,,,,,,
M20_D10,D10,01_02_23,M20,High ,19.1,3,5,,650,1.951951952,317,,,,,,,,,,,,,,,,,,,,
M21_D10,D10,01_02_23,M21,High ,20.7,3,6,,473,1.962655602,232,,,,,,,,,,,,,,,,,,,,
M22_D10,D10,01_02_23,M22,High ,21.7,4,5,,552,2.816326531,356,,,,,,,,,,,,,,,,,,,,
M23_D10,D10,01_02_23,M23,High ,20.2,3,5,,606,2.236162362,335,,,,,,,,,,,,,,,,,,,,
M24_D10,D10,01_02_23,M24,High ,21.6,5,4,,505,2.186147186,274,,,,,,,,,,,,,,,,,,,,
M01_D11,D11,02_02_23,M01,Control ,21.1,4,6,,NA,,,15.1475037,5290.55298,641.5117852,1618.991353,88.329,48.816,116.738,9.399,,,,,,,,,,,,
M02_D11,D11,02_02_23,M02,Control ,20.5,2,7,,NA,,,6.47691491,2807.170521,548.4474121,756.6341207,57.561,46.053,79.026,8.289,,,,,,,,,,,,
M03_D11,D11,02_02_23,M03,Control ,18.3,4,6,,NA,,,45.7380992,4261.904992,830.7547549,2809.344311,100.624,45.064,126.425,9.644,,,,,,,,,,,,
M04_D11,D11,02_02_23,M04,Control ,22.6,4,6,,NA,,,52.2810102,3826.217252,699.273897,1553.012149,86.964,47.77,109.113,8.616,,,,,,,,,,,,
M05_D11,D11,02_02_23,M05,Control ,18.2,4,8,,NA,,,44.6375442,6289.659675,806.3231014,1723.716712,92.584,49.082,158.966,10.78,,,,,,,,,,,,
M06_D11,D11,02_02_23,M06,Control ,21.1,3,7,,NA,,,69.6575096,6070.00205,701.7428251,1426.513341,92.943,54.65,144.187,10.945,,,,,,,,,,,,
M07_D11,D11,02_02_23,M07,Low,21.4,4,8,,NA,,,68.7540134,2939.535425,595.3278425,2722.053262,66.248,38.74,101.722,9.96,,,,,,,,,,,,
M08_D11,D11,02_02_23,M08,Low,20.4,4,12,,NA,,,45.3672196,2711.195666,766.5567583,1236.337117,55.569,36.709,89.505,7.996,,,,,,,,,,,,
M09_D11,D11,02_02_23,M09,Low,18.5,3,7,,NA,,,87.076767,4000.744161,617.367003,1288.010317,77.328,44.486,115.751,9.07,,,,,,,,,,,,
M10_D11,D11,02_02_23,M10,Low,20.2,3,13,,NA,,,100.078002,2304.180663,747.0825373,950.3941585,40.33,29.598,58.072,6.808,,,,,,,,,,,,
M11_D11,D11,02_02_23,M11,Low,18.7,3,6,,NA,,,107.745636,4735.003254,793.9886528,1491.871732,83.875,51.608,181.956,11.539,,,,,,,,,,,,
M12_D11,D11,02_02_23,M12,Low,21.2,3,7,,NA,,,66.8931088,3348.656903,840.2002439,2311.312418,62.676,39.816,129.446,8.354,,,,,,,,,,,,
M13_D11,D11,02_02_23,M13,Medium,20.3,4,7,,NA,,,87.6865339,4125.221474,849.2464192,2288.163043,66.402,36.392,99.901,8.292,,,,,,,,,,,,
M14_D11,D11,02_02_23,M14,Medium,21.1,4,6,,NA,,,60.9553171,3294.263307,487.543232,769.2031323,25.022,24.32,84.543,8.374,,,,,,,,,,,,
M15_D11,D11,02_02_23,M15,Medium,20.3,3,7,,NA,,,66.3028618,3022.004615,875.9401648,979.7624653,67.092,43.089,91.452,8.886,,,,,,,,,,,,
M16_D11,D11,02_02_23,M16,Medium,19.4,3,8,,NA,,,95.2965371,3922.541324,925.8722104,3083.997264,80.688,40.413,137.595,9.637,,,,,,,,,,,,
M17_D11,D11,02_02_23,M17,Medium,23.1,5,10,,NA,,,62.8524731,6706.986447,699.7956998,3208.740444,138.177,87.625,184.756,10.456,,,,,,,,,,,,
M18_D11,D11,02_02_23,M18,Medium,20.3,3,6,,NA,,,82.3343416,3977.542409,776.4513611,1731.152496,50.857,33.639,103.327,8.343,,,,,,,,,,,,
M19_D11,D11,02_02_23,M19,High ,20.5,3,8,,NA,,,66.8131698,3584.963853,966.5533105,1753.386104,66.626,40.106,74.818,7.734,,,,,,,,,,,,
M20_D11,D11,02_02_23,M20,High ,18.5,3,8,,NA,,,106.143139,4069.824756,966.65778,1857.609777,94.87,62.832,140.432,7.716,,,,,,,,,,,,
M21_D11,D11,02_02_23,M21,High ,20.3,3,8,,NA,,,133.073274,8365.537372,2291.544011,2614.352907,167.668,125.16,234.068,15.679,,,,,,,,,,,,
M22_D11,D11,02_02_23,M22,High ,21.8,3,8,,NA,,,128.192349,6015.519879,1422.284293,3011.702315,132.058,65.648,225.506,9.677,,,,,,,,,,,,
M23_D11,D11,02_02_23,M23,High ,19.8,2,7,,NA,,,93.0247834,4046.895315,924.9073919,2811.355497,78.549,45.77,149.979,9.291,,,,,,,,,,,,
M24_D11,D11,02_02_23,M24,High ,22.1,4,7,,NA,,,83.0277656,4363.937802,965.77683,2439.022462,80.923,47.097,132.687,8.24,,,,,,,,,,,,
